run_id,mean,median,std,score_std_100,score_std_100_sims,mean_ci95_100_sims,p_loss,p05,p01,worst,best,score_p05_10,score_p05_25,score,score_aggressive,score_balanced,score_safe,score_mean_only,positions,AC,AC_45_KO,AC_40_BP,AC_50_CO,AC_50_C_2,AC_50_P_2,AC_35_P,AC_40_P,AC_45_P,AC_50_P,AC_50_C,AC_60_C
1,-3.0758727478161085,54.62323565481793,1324.0453322839812,132.40453322839812,132.40453322839812,264.80906645679624,0.47775,-2244.702056930663,-4956.755014276887,-26082.958330751262,1435.0,-227.5460784408824,-564.2513869804818,-405.98344790161457,-148.4121089014488,-405.98344790161457,-696.6559202088799,-3.0758727478161085,"{""AC_40_BP"": -50, ""AC_45_KO"": -500, ""AC_50_CO"": -50}",0,-500,-50,-50,0,0,0,0,0,0,0,0
2,21.785731923742787,60.774811650117044,1278.0180112838398,127.80180112838397,127.80180112838397,255.60360225676794,0.4764,-1815.0156609190094,-5031.755014276887,-26157.958330751262,1360.0,-159.71583416815815,-431.96818330600956,-314.3675177783006,-100.91550140430368,-314.3675177783006,-559.7699844343936,21.785731923742787,"{""AC_40_BP"": -50, ""AC_50_CO"": -50}",0,0,-50,-50,0,0,0,0,0,0,0,0
3,34.14733659530168,-26.725188349882956,1442.2590623422836,144.22590623422838,144.22590623422838,288.45181246845675,0.5102,-1902.5156609190094,-5119.255014276887,-26245.458330751262,5765.181874762745,-156.10422949659926,-441.48157863445067,-323.34296565966395,-97.03492300920588,-323.34296565966395,-585.7074848686791,34.14733659530168,"{""AC_40_BP"": -50, ""AC_45_KO"": 500, ""AC_50_CO"": -50}",0,500,-50,-50,0,0,0,0,0,0,0,0
4,-15.175872747816111,183.44822305648546,1295.245136593042,129.5245136593042,129.5245136593042,259.0490273186084,0.41635,-2390.9386591302095,-5206.755014276887,-26332.958330751262,1185.0,-254.26973866083708,-612.9105375303685,-438.5789284469996,-167.10393411915265,-438.5789284469996,-742.4350511896728,-15.175872747816111,"{""AC_45_KO"": -500, ""AC_50_CO"": -50}",0,-500,0,-50,0,0,0,0,0,0,0,0
5,9.685731923742784,195.9167800831744,1254.0247764968617,125.40247764968618,125.40247764968618,250.80495529937235,0.41525,-2065.0156609190094,-5281.755014276887,-26407.958330751262,1110.0,-196.81583416815815,-506.5681833060096,-362.7678560389517,-124.91567053462924,-362.7678560389517,-631.9706609556957,9.685731923742784,"{""AC_50_CO"": -50}",0,0,0,-50,0,0,0,0,0,0,0,0
6,22.047336595301687,108.41678008317439,1426.1989646566572,142.6198964656657,142.6198964656657,285.2397929313314,0.4543,-2152.5156609190094,-5369.255014276887,-26495.458330751262,6015.181874762745,-193.20422949659925,-516.0815786344507,-372.13996077538263,-121.23342056706521,-372.13996077538263,-658.7014751001163,22.047336595301687,"{""AC_45_KO"": 500, ""AC_50_CO"": -50}",0,500,0,-50,0,0,0,0,0,0,0,0
7,-32.2758727478161,295.00694044130927,1314.1274922140763,131.41274922140764,131.41274922140764,262.8254984428153,0.36475,-2528.704880625431,-5461.755014276887,-26587.958330751262,1430.0,-285.1463608103592,-664.4520929041739,-477.2879794523345,-191.56430408443958,-477.2879794523345,-795.8648421255816,-32.2758727478161,"{""AC_40_BP"": 50, ""AC_45_KO"": -500, ""AC_50_CO"": -50}",0,-500,50,-50,0,0,0,0,0,0,0,0
8,-7.414268076257201,310.8284953021852,1279.2706605601911,127.92706605601911,127.92706605601911,255.85413211203823,0.35875,-2320.0156609190094,-5536.755014276887,-26662.958330751262,1355.0,-239.41583416815814,-587.4181833060095,-419.3801502421182,-155.39681763621246,-419.3801502421182,-715.3452493620287,-7.414268076257201,"{""AC_40_BP"": 50, ""AC_50_CO"": -50}",0,0,50,-50,0,0,0,0,0,0,0,0
9,4.947336595301699,223.32849530218522,1453.5071209550363,145.35071209550364,145.35071209550364,290.7014241910073,0.3969,-2407.5156609190094,-5624.255014276887,-26750.458330751262,6260.181874762745,-235.80422949659925,-596.9315786344506,-428.8553685903015,-151.7661244745247,-428.8553685903015,-742.2822907299542,4.947336595301699,"{""AC_40_BP"": 50, ""AC_45_KO"": 500, ""AC_50_CO"": -50}",0,500,50,-50,0,0,0,0,0,0,0,0
10,-12.761604671558894,-175.0,600.2594074539724,60.025940745397236,60.025940745397236,120.05188149079447,0.5034,-175.0,-3531.3903616771668,-5167.681874762745,325.0,-30.261604671558892,-56.51160467155889,-69.02457504425752,-36.5180898579082,-69.02457504425752,-116.53754541695614,-12.761604671558894,"{""AC_40_BP"": -50, ""AC_45_KO"": -500}",0,-500,-50,0,0,0,0,0,0,0,0,0
11,12.1,250.0,249.70700831174128,24.970700831174128,24.970700831174128,49.941401662348255,0.4758,-250.0,-250.0,-250.0,250.0,-12.9,-50.4,-37.88535041558706,-6.642675207793532,-37.88535041558706,-75.37070083117413,12.1,"{""AC_40_BP"": -50}",0,0,-50,0,0,0,0,0,0,0,0,0
12,24.4616046715589,162.5,575.2764503111923,57.527645031119235,57.527645031119235,115.05529006223847,0.45855,-337.5,-337.5,-337.5,4655.181874762745,-9.288395328441101,-59.9133953284411,-54.92721784400072,-6.79530658622091,-54.92721784400072,-117.44104035956033,24.4616046715589,"{""AC_40_BP"": -50, ""AC_45_KO"": 500}",0,500,-50,0,0,0,0,0,0,0,0,0
13,-24.861604671558894,75.0,532.2345209208248,53.22345209208248,53.22345209208248,106.44690418416496,0.04795,75.0,-3281.3903616771668,-4917.681874762745,75.0,-17.361604671558894,-6.111604671558894,-40.223330717600135,-34.417467694579514,-40.223330717600135,-59.335056763641376,-24.861604671558894,"{""AC_45_KO"": -500}",0,-500,0,0,0,0,0,0,0,0,0,0
14,0.0,0.0,0.0,0.0,0.0,0.0,0.0,0.0,0.0,0.0,0.0,0.0,0.0,0.0,0.0,0.0,0.0,0.0,{},0,0,0,0,0,0,0,0,0,0,0,0
15,12.361604671558897,-87.5,532.2345209208248,53.22345209208248,53.22345209208248,106.44690418416496,0.9522,-87.5,-87.5,-87.5,4905.181874762745,3.611604671558897,-9.513395328441103,-27.375121374482344,-5.319258351461723,-27.375121374482344,-62.73684742052359,12.361604671558897,"{""AC_45_KO"": 500}",0,500,0,0,0,0,0,0,0,0,0,0
16,-41.96160467155889,-179.99999999999997,575.2764503111922,57.52764503111922,57.52764503111922,115.05529006223844,0.54145,-179.99999999999997,-3036.3903616771668,-4672.681874762745,320.0,-59.96160467155889,-86.96160467155889,-97.7254271871185,-65.3435159293387,-97.7254271871185,-144.4892497026781,-41.96160467155889,"{""AC_40_BP"": 50, ""AC_45_KO"": -500}",0,-500,50,0,0,0,0,0,0,0,0,0
17,-17.099999999999977,-254.99999999999997,249.70700831174128,24.970700831174128,24.970700831174128,49.941401662348255,0.5242,-254.99999999999997,-254.99999999999997,-254.99999999999997,245.00000000000003,-42.59999999999998,-80.84999999999997,-67.83535041558703,-36.092675207793505,-67.83535041558703,-105.8207008311741,-17.099999999999977,"{""AC_40_BP"": 50}",0,0,50,0,0,0,0,0,0,0,0,0
18,-4.738395328441096,157.50000000000003,600.2594074539725,60.02594074539725,60.02594074539725,120.0518814907945,0.49665,-342.5,-342.5,-342.5,5150.181874762745,-38.988395328441094,-90.3633953284411,-86.12636570113972,-36.86988051479041,-86.12636570113972,-150.38933607383836,-4.738395328441096,"{""AC_40_BP"": 50, ""AC_45_KO"": 500}",0,500,50,0,0,0,0,0,0,0,0,0
19,-27.447336595301724,-245.82849530218522,1453.5071209550363,145.35071209550364,145.35071209550364,290.7014241910073,0.6133,-1290.0,-4412.563704423005,-6282.681874762745,26727.958330751266,-156.44733659530172,-349.94733659530175,-293.62269264305354,-128.28501461917762,-293.62269264305354,-495.2980486908054,-27.447336595301724,"{""AC_40_BP"": -50, ""AC_45_KO"": -500, ""AC_50_CO"": 50}",0,-500,-50,50,0,0,0,0,0,0,0,0
20,-2.5857319237428307,-320.8284953021852,1279.2706605601911,127.92706605601911,127.92706605601911,255.85413211203823,0.6456,-865.0,-1365.0,-1365.0,26652.958330751266,-89.08573192374283,-218.83573192374283,-196.29926495175238,-77.8174984377476,-196.29926495175238,-346.76279797976196,-2.5857319237428307,"{""AC_40_BP"": -50, ""AC_50_CO"": 50}",0,0,-50,50,0,0,0,0,0,0,0,0
21,9.775872747816067,-317.5069404413093,1314.1274922140763,131.41274922140764,131.41274922140764,262.8254984428153,0.6441,-952.5,-1452.5,-1452.5,26565.458330751266,-85.47412725218393,-228.34912725218393,-198.80550186288775,-70.70231455753584,-198.80550186288775,-359.76187647359154,9.775872747816067,"{""AC_40_BP"": -50, ""AC_45_KO"": 500, ""AC_50_CO"": 50}",0,500,-50,50,0,0,0,0,0,0,0,0
22,-39.54733659530173,-125.91678008317446,1426.1989646566572,142.6198964656657,142.6198964656657,285.2397929313314,0.55305,-1040.0,-4162.563704423005,-6032.681874762745,26477.958330751266,-143.54733659530172,-299.5473365953017,-266.85728482813454,-127.20231071171816,-266.85728482813454,-442.1672330609674,-39.54733659530173,"{""AC_45_KO"": -500, ""AC_50_CO"": 50}",0,-500,0,50,0,0,0,0,0,0,0,0
23,-14.68573192374283,-200.91678008317444,1254.0247764968617,125.40247764968618,125.40247764968618,250.80495529937235,0.5871,-1115.0,-1115.0,-1115.0,26402.958330751266,-126.18573192374284,-293.4357319237428,-244.6369707485859,-101.78635133616439,-244.6369707485859,-418.838209573429,-14.68573192374283,"{""AC_50_CO"": 50}",0,0,0,50,0,0,0,0,0,0,0,0
24,-2.3241272521839305,-200.94822305648552,1295.2451365930417,129.52451365930418,129.52451365930418,259.04902731860835,0.591,-1202.5,-1202.5,-1202.5,26315.458330751266,-122.57412725218393,-302.9491272521839,-247.461384081836,-94.83025566700996,-247.461384081836,-432.47364091148813,-2.3241272521839305,"{""AC_45_KO"": 500, ""AC_50_CO"": 50}",0,500,0,50,0,0,0,0,0,0,0,0
25,-56.6473365953017,4.225188349882927,1442.2590623422836,144.22590623422838,144.22590623422838,288.45181246845675,0.4979,-1295.0,-3917.563704423005,-5787.681874762745,26222.958330751266,-186.1473365953017,-380.3973365953017,-323.0102897124159,-157.4538131538588,-323.0102897124159,-524.62324282953,-56.6473365953017,"{""AC_40_BP"": 50, ""AC_45_KO"": -500, ""AC_50_CO"": 50}",0,-500,50,50,0,0,0,0,0,0,0,0
26,-31.785731923742812,-70.77481165011707,1278.0180112838398,127.80180112838397,127.80180112838397,255.60360225676794,0.52745,-1370.0,-1370.0,-1370.0,26147.958330751266,-168.78573192374282,-374.2857319237428,-301.1866324879348,-132.23618220583882,-301.1866324879348,-502.0875330521268,-31.785731923742812,"{""AC_40_BP"": 50, ""AC_50_CO"": 50}",0,0,50,50,0,0,0,0,0,0,0,0
27,-19.424127252183915,-77.12323565481796,1324.0453322839812,132.40453322839812,132.40453322839812,264.80906645679624,0.5306,-1457.5,-1457.5,-1457.5,26060.458330751266,-165.17412725218392,-383.7991272521839,-304.25139386638295,-125.40026055928345,-304.25139386638295,-516.203660480582,-19.424127252183915,"{""AC_40_BP"": 50, ""AC_45_KO"": 500, ""AC_50_CO"": 50}",0,500,50,50,0,0,0,0,0,0,0,0
